[
    {
        "id": "r1",
        "system": "CTM",
        "request_type": "New",
        "request_number": "C-10541800",
        "file_asset": "Oxford Sweat Equity Program Member Flier",
        "requested_by": "Jane Doe",
        "status_date": "11/19/2022",
        "status": "Submitted"
    },
    {
        "id": "r2",
        "system": "Omni",
        "request_type": "New",
        "request_number": "O-20341600",
        "file_asset": "Omni Booklet Cover Options and Introductory Page Samples",
        "requested_by": "Jane Doe",
        "status_date": "10/29/2022",
        "status": "Submitted"
    },
    {
        "id": "r3",
        "system": "Omni",
        "request_type": "Updated",
        "request_number": "O-20341601",
        "file_asset": "Omni Flier Cover Samples",
        "requested_by": "Jane Doe",
        "status_date": "10/29/2022",
        "status": "Flagged"
    },
    {
        "id": "r4",
        "system": "CTM",
        "request_type": "New",
        "request_number": "C-10541801",
        "file_asset": "UMR Internal Newsletter - November 2022",
        "requested_by": "Jane Doe",
        "status_date": "11/03/2022",
        "status": "Approved"
    },
    {
        "id": "r5",
        "system": "CTM",
        "request_type": "New",
        "request_number": "C-10541802",
        "file_asset": "UMR Internal Newsletter - June 2022",
        "requested_by": "Jane Doe",
        "status_date": "06/05/2022",
        "status": "Completed"
    },
    {
        "id": "r6",
        "system": "CTM",
        "request_type": "New",
        "request_number": "C-10541803",
        "file_asset": "UMR Internal Newsletter - March 2022",
        "requested_by": "Jane Doe",
        "status_date": "3/15/2022",
        "status": "Completed"
    },
    {
        "id": "r7",
        "system": "Omni",
        "request_type": "Remove",
        "request_number": "C-10541804",
        "file_asset": "Oxford ASO Brochure",
        "requested_by": "Jane Doe",
        "status_date": "10/15/2022",
        "status": "Canceled"
    },
    {
        "id": "r8",
        "system": "CTM",
        "request_type": "New",
        "request_number": "C-10541804",
        "file_asset": "UnitedHealthcare Global Internal Sales Contact Maps",
        "requested_by": "Jane Doe",
        "status_date": "06/05/2022",
        "status": "Submitted"
    }
]